<?xml version="1.0" encoding="UTF-8"?>
<mainMenu>
    <menuBar>
        <subMenu>
             <insertBefore>help_menu</insertBefore>
            <label>PipelinePro</label>
            <scriptItem id="pipelinepro_menu">
                <label>Houdini Command Port</label>
                <scriptPath>C:/Users/frasu/Downloads/pipelinepro_connector_dccs/houdini_connector/houdini_command_port.py</scriptPath>
                <scriptArgs></scriptArgs>
            </scriptItem>
        </subMenu>
    </menuBar>
</mainMenu> 
